{"cameraMode":{"drawMode":0,"name":"Shaded","section":"Shading Mode"},"sceneLighting":true,"audioPlay":false,"sceneViewState":{"m_AlwaysRefresh":false,"showFog":true,"showSkybox":true,"showFlares":true,"showImageEffects":true,"showParticleSystems":true,"showVisualEffectGraphs":true,"m_FxEnabled":true},"in2DMode":false,"pivot":{"x":-6.607810974121094,"y":-2.8136448860168459,"z":-15.407950401306153},"rotation":{"x":-0.11461372673511505,"y":0.17250919342041017,"z":-0.020586442202329637,"w":-0.9782172441482544},"size":10.263551712036133,"orthographic":false}